project,pull_number,id,url,before,after
beam,1974,100887469,https://github.com/apache/beam/pull/1974#discussion_r100887469,4bb23c995281ec2075bc471465b6ec7a0e7746c8,32a1023e93a2fe494164e79ef08300663ed98a30
flink,8446,285160885,https://github.com/apache/flink/pull/8446#discussion_r285160885,f07b760a3f0f446eda71b007516df27d874131c6,01588c5fd5326175d67a279a754f6f47b72e5338
flink,2363,240791329,https://github.com/apache/flink/pull/2363#issuecomment-240791329,c0c6e88419b250ab0c15dfcd180b3129a5d711df,236353046753f51ed70b0056bf498cc7af41e0d5
spark,29795,493190061,https://github.com/apache/spark/pull/29795#discussion_r493190061,331af594a7b12c061a8aa5f01d8b6df83a707149,650d366b71982ff496b6f57af66fcf82d77603bf
flink,14084,554882968,https://github.com/apache/flink/pull/14084#discussion_r554882968,None,None
spark,31905,811106021,https://github.com/apache/spark/pull/31905#issuecomment-811106021,36b34e086f15ad21698e17eaf65c7efaad05db99,3dc8a4b85a282e89fd61032c77b6f27eeb9f4f5a
accumulo,332,368365644,https://github.com/apache/accumulo/pull/332#issuecomment-368365644,None,None
spark,18567,313762412,https://github.com/apache/spark/pull/18567#issuecomment-313762412,443b33e21fc3789a064ee60aed9f1b37b6be8157,1d5a0d0e40885f1ffb5ee87031ecf3fadd9e788e
incubator-pinot,5769,467200428,https://github.com/apache/incubator-pinot/pull/5769#discussion_r467200428,None,None
beam,13137,522334301,https://github.com/apache/beam/pull/13137#discussion_r522334301,6c4a87f1881256c1130aec2fb347f290e8efcc1b,f923e67df39b119008be9ba8d0f83e1daf026a20
groovy,480,275655612,https://github.com/apache/groovy/pull/480#issuecomment-275655612,None,None
pulsar,3019,243864237,https://github.com/apache/pulsar/pull/3019#discussion_r243864237,None,None
beam,5384,189163677,https://github.com/apache/beam/pull/5384#discussion_r189163677,None,None
zeppelin,2706,353205540,https://github.com/apache/zeppelin/pull/2706#issuecomment-353205540,None,None
druid,3939,102355893,https://github.com/apache/druid/pull/3939#discussion_r102355893,f368a5e7a7ec08416348d2a07ff5d0e55c53b89a,64b69ee20dedd8dd7074e64408b794d9745e9289
trafodion,644,73953757,https://github.com/apache/trafodion/pull/644#discussion_r73953757,08573725a75f8a1168ca6da6a7727b6f6a6f8900,d4c0448fe74111b7065a796fe3d9934e62cd653d
spark,26108,334704586,https://github.com/apache/spark/pull/26108#discussion_r334704586,None,None
incubator-mxnet,8015,141497578,https://github.com/apache/incubator-mxnet/pull/8015#discussion_r141497578,None,None
incubator-heron,3032,437498318,https://github.com/apache/incubator-heron/pull/3032#issuecomment-437498318,7b0ebdb31482f47bd7b12d9019a28b4d69e76a89,97a76b5be404e99eadd08069d33348c0d99598f7
zeppelin,3497,548180234,https://github.com/apache/zeppelin/pull/3497#issuecomment-548180234,728bb1b5fa305321b02387fc216dc7d85031ab24,210d0a0d8903aa276ae42b27351e99169acb8036
spark,3246,22343430,https://github.com/apache/spark/pull/3246#discussion_r22343430,ff77d68e5bba4dd1566831030226884f66672363,cad3f757dff9bc6f04fd69cba1eadf6fe2154f7b
jena,151,252431461,https://github.com/apache/jena/pull/151#issuecomment-252431461,2e8fc564b349f5b2314d8db8e15c1afb0bdbf2dc,b2c4e61fbe0c8512ca45a7f621e0207b855e0649
flink,6159,195443441,https://github.com/apache/flink/pull/6159#discussion_r195443441,800abd9743c5483f50835d0cf938ad50f550ae49,caacceecc5dcb6596b7309c2171cf87590551b71
trafficserver,2300,318132384,https://github.com/apache/trafficserver/pull/2300#issuecomment-318132384,None,None
apisix,2036,487762501,https://github.com/apache/apisix/pull/2036#discussion_r487762501,None,None
kafka,3325,128649545,https://github.com/apache/kafka/pull/3325#discussion_r128649545,f0a4bdb3a3e4cd8c63dca6fabd9d77611a2c07b2,9b60972ecb25d14f86d1f25f5fc17718bcf45043
spark,8093,36782853,https://github.com/apache/spark/pull/8093#discussion_r36782853,None,None
carbondata,2836,431731434,https://github.com/apache/carbondata/pull/2836#issuecomment-431731434,None,None
superset,10728,479692093,https://github.com/apache/superset/pull/10728#discussion_r479692093,e206d3e6a15f274c2e4e39ec399b373ced65a343,82a4f99823c995ed7af53660077122ad93587dc9
drill,1892,363140288,https://github.com/apache/drill/pull/1892#discussion_r363140288,None,None
beam,6676,233138480,https://github.com/apache/beam/pull/6676#discussion_r233138480,None,None
spark,4363,24212525,https://github.com/apache/spark/pull/4363#discussion_r24212525,ce9257e2508ce954c948a429d14be27923ed6210,07952f31d70fbfdd3b76f5d3796d39bc718668a9
spark,23181,237952522,https://github.com/apache/spark/pull/23181#discussion_r237952522,1be36f77f58576db9650a4584b1f882e2f284d0f,0406b92bcdbacf5984471980c691799a48f66414
flink,7759,258458285,https://github.com/apache/flink/pull/7759#discussion_r258458285,186428f48b19383d5a2908dd47a86ce4a70a858b,a48deacca9ddda7c2da2c060c03a88bd2bda0eeb
spark,12241,207105529,https://github.com/apache/spark/pull/12241#issuecomment-207105529,edbd874123880c2e123080ebdb8201ef70337b3c,aa37a642ed130085bc579d320e6b905fee4e689e
spark,13565,66319324,https://github.com/apache/spark/pull/13565#discussion_r66319324,5bc48f23324a754e695535e036cf3759c0dfb040,41b7b79b366aa3ebbd5e7796e0d3f703250e51cf
incubator-doris,3587,425210765,https://github.com/apache/incubator-doris/pull/3587#discussion_r425210765,None,None
spark,20194,161000312,https://github.com/apache/spark/pull/20194#discussion_r161000312,None,None
spark,1218,15828037,https://github.com/apache/spark/pull/1218#discussion_r15828037,None,None
flink,4364,128512830,https://github.com/apache/flink/pull/4364#discussion_r128512830,None,None
druid,3956,281423634,https://github.com/apache/druid/pull/3956#issuecomment-281423634,None,None
trafficserver,6379,373984797,https://github.com/apache/trafficserver/pull/6379#discussion_r373984797,None,None
spark,19143,327427666,https://github.com/apache/spark/pull/19143#issuecomment-327427666,None,None
trafficserver,866,240594556,https://github.com/apache/trafficserver/pull/866#issuecomment-240594556,None,None
incubator-heron,176,56283550,https://github.com/apache/incubator-heron/pull/176#discussion_r56283550,None,None
spark,8531,48378751,https://github.com/apache/spark/pull/8531#discussion_r48378751,None,None
spark,9353,43474236,https://github.com/apache/spark/pull/9353#discussion_r43474236,d9c143eae1dd3330b7211f583fe4889549a9511c,11804bb345635dc2004a87d0e7ca69b476563184
nifi-minifi-cpp,924,732347261,https://github.com/apache/nifi-minifi-cpp/pull/924#issuecomment-732347261,2c21ca7236e2045051d7e673e9250d05cd0b2978,49728f942ef7698bffe4712df277a29c332d04fc
superset,13210,582436382,https://github.com/apache/superset/pull/13210#discussion_r582436382,49989ea18195f27a361b59235104e503ce0abac8,64f8d4d84ef5fa5a025edd8dcb5b1193cacec10f
hive,1780,761269576,https://github.com/apache/hive/pull/1780#issuecomment-761269576,6ff5d3602e40b2dcfdc25f11e8fb3f50a7912317,37e707705c6cc7c025bbe7fb1b67682062dc84c7
flink,6173,196042694,https://github.com/apache/flink/pull/6173#discussion_r196042694,d583146776965c7ca7fd9b3171a83fa65c93e9f1,9488acb122b44dcac1ddb59726ff0c14dcdf0045
activemq-artemis,2012,380818801,https://github.com/apache/activemq-artemis/pull/2012#issuecomment-380818801,None,None
spark,23062,234404871,https://github.com/apache/spark/pull/23062#discussion_r234404871,None,None
pulsar,5032,317796702,https://github.com/apache/pulsar/pull/5032#discussion_r317796702,26197291d8dd94b4f303e870a84c37b97e1e7c2c,4174524e7c4dffbdb3fddf34ce7a641eaa1819dc
spark,11620,56418491,https://github.com/apache/spark/pull/11620#discussion_r56418491,f3fa1b921f177afb5af9318df004d9f9776c35c5,91f72a9d89f2bd7c83adb71573305b6559d6e71e
incubator-heron,1820,113760959,https://github.com/apache/incubator-heron/pull/1820#discussion_r113760959,ed319a29efd039842cecc97a7c026f6003b665ae,cd3528039429e834b289b31c1067b5c35e613da7
tinkerpop,712,140818483,https://github.com/apache/tinkerpop/pull/712#discussion_r140818483,None,None
drill,1953,379551973,https://github.com/apache/drill/pull/1953#discussion_r379551973,72e7643602b546b6a52adcd2a5571e1953ea0739,1e192c41853cd078abc404ac8ab799f0733576d9
orc,570,528911518,https://github.com/apache/orc/pull/570#discussion_r528911518,None,None
calcite,2286,534475582,https://github.com/apache/calcite/pull/2286#discussion_r534475582,None,None
spark,15971,89209660,https://github.com/apache/spark/pull/15971#discussion_r89209660,5dd3630d6a937ba8634054940543509d9186e68e,b0ad319f43d39181c15f0b30b9bb45c8dc0ee279
beam,539,228871382,https://github.com/apache/beam/pull/539#issuecomment-228871382,None,None
nifi-minifi-cpp,1040,605509404,https://github.com/apache/nifi-minifi-cpp/pull/1040#discussion_r605509404,4de8f8df2f27fe31d04681b45640592e2acbb96f,de54db8c5e9ed68b9dd1d1d8b1367c0300d22e57
spark,2685,61052515,https://github.com/apache/spark/pull/2685#issuecomment-61052515,fa21d090c8f9ac64b9c2f60c7b3f088760b1f6fc,18fb1fff1c2a097604b573fffba92b9a7a3f3e8f
cxf,561,498837564,https://github.com/apache/cxf/pull/561#issuecomment-498837564,98d025d7c02648590da2d7b2da70cd2efe4595ca,5a797df973104973cdd0c2269436125dcbe17afb
hive,2111,607667423,https://github.com/apache/hive/pull/2111#discussion_r607667423,None,None
skywalking,5293,673764279,https://github.com/apache/skywalking/pull/5293#issuecomment-673764279,1a20492dcf4447a9abf21cfc2e17b42ca01e6a94,f67f493b9bfc82e867fe82a1f3832295855dea74
attic-stratos,192,23697450,https://github.com/apache/attic-stratos/pull/192#discussion_r23697450,None,None
spark,15148,259376702,https://github.com/apache/spark/pull/15148#issuecomment-259376702,None,None
nifi,4767,561227339,https://github.com/apache/nifi/pull/4767#discussion_r561227339,None,None
flink,966,126706999,https://github.com/apache/flink/pull/966#issuecomment-126706999,None,None
hbase,1482,416140357,https://github.com/apache/hbase/pull/1482#discussion_r416140357,None,None
spark,24807,500879466,https://github.com/apache/spark/pull/24807#issuecomment-500879466,843491fbd21f79614e8eff9e1af49ba263898451,92c7b22ab5a1db0f25b4b418277b793b0e851491
parquet-mr,808,672774756,https://github.com/apache/parquet-mr/pull/808#issuecomment-672774756,None,None
beam,4910,175947778,https://github.com/apache/beam/pull/4910#discussion_r175947778,None,None
spark,23982,263647807,https://github.com/apache/spark/pull/23982#discussion_r263647807,882607cfc5225de4196150f366267d2ad8fb4851,dafe69082128158bad38bee54267a2bbb7cbffec
flink,9748,328404835,https://github.com/apache/flink/pull/9748#discussion_r328404835,ee70e3344eda77f3d180b63460444f8e3064b2cb,07a3ed3525cd48ee1e8c9d2349c48d0031ca167e
superset,8867,360617020,https://github.com/apache/superset/pull/8867#discussion_r360617020,None,None
hadoop,1881,388858948,https://github.com/apache/hadoop/pull/1881#discussion_r388858948,bfb4afab8d49bbc9730691ae3ca5cde5d8b5963d,ff01bcf889eccb566e069386065769a77a96b01e
flink,5367,165039357,https://github.com/apache/flink/pull/5367#discussion_r165039357,1898cf8bc21944b0f6eb80ab1e961d98b2c8f8d3,6ebfde759bf502b3efd30d7eb8ad703a37602db5
druid,10070,445155089,https://github.com/apache/druid/pull/10070#discussion_r445155089,b27535755dff667765591e4382442157e7b717bb,9bd42e98754c9f82bf46bc18256018ec9e64b285
tvm,1403,201886571,https://github.com/apache/tvm/pull/1403#discussion_r201886571,a62f6de815d8fd2d9ac514c52fe3481e79add433,189873a042da943544cd5bcc9e6d75bc588788f1
kafka,7799,364476808,https://github.com/apache/kafka/pull/7799#discussion_r364476808,None,None
netbeans-website,473,430013474,https://github.com/apache/netbeans-website/pull/473#discussion_r430013474,None,None
netbeans,968,430955215,https://github.com/apache/netbeans/pull/968#issuecomment-430955215,None,None
skywalking,5685,711190648,https://github.com/apache/skywalking/pull/5685#issuecomment-711190648,cc6ba87acb7a55ab64aafffd44709155bdca5aeb,9c47b80baa004a51f8ecfbcbfbec8258bbddf7ad
zookeeper,924,299043313,https://github.com/apache/zookeeper/pull/924#discussion_r299043313,2e5c2e5d938805d0a0de1998bf5ce2a94f2bbe33,329efe2049c97988fb5390523b5db1713bdf2cf3
spark,3099,20111063,https://github.com/apache/spark/pull/3099#discussion_r20111063,aa5dbd4abb66d0a5acd81aeae901d4338ba90e13,4f9e34ff77038db016a9673a3a3976520de708b3
hadoop,802,291163702,https://github.com/apache/hadoop/pull/802#discussion_r291163702,b148ad7a26a7e718e3702172286c1344cf873c71,0e6482dec2186eaa32672d7960726785700a7197
beam,10455,362682454,https://github.com/apache/beam/pull/10455#discussion_r362682454,af6f6b81f42c57fb4213b3796dbb83796349ec9b,d7ef497b2360ea68f2bad9fb695a539b12cb1ddd
arrow,7885,465480283,https://github.com/apache/arrow/pull/7885#discussion_r465480283,None,None
storm,215,15836939,https://github.com/apache/storm/pull/215#discussion_r15836939,None,None
openwhisk,1071,75486973,https://github.com/apache/openwhisk/pull/1071#discussion_r75486973,None,None
pulsar,2888,441582678,https://github.com/apache/pulsar/pull/2888#issuecomment-441582678,811643a8c276273b3b1a06e4937219659af3ba78,5deae68c8e3c200dd5dc4c29279f3d55a5844829
airflow,8875,426287475,https://github.com/apache/airflow/pull/8875#discussion_r426287475,7e1776589fdbb42e7e2f4c65609201a4affc9bca,fd1b98ef1d36f44e3201c7b8e1278e89c89f0ebd
flink,5901,387376186,https://github.com/apache/flink/pull/5901#issuecomment-387376186,None,None
kafka,241,40615287,https://github.com/apache/kafka/pull/241#discussion_r40615287,None,None
dubbo,3162,245860102,https://github.com/apache/dubbo/pull/3162#discussion_r245860102,aee70d9aca3a0c75c5e66624f256ead708de7258,cafe9f300843ea7204acbc212223035ec6c7559b
beam,13592,749735258,https://github.com/apache/beam/pull/13592#issuecomment-749735258,None,None
storm,1783,263910453,https://github.com/apache/storm/pull/1783#issuecomment-263910453,None,None
spark,15627,85951050,https://github.com/apache/spark/pull/15627#discussion_r85951050,f7974812a5cc76cf98bba1c70e739bbc770d7dde,51eefa50faeb26c6c1fd9d689b8450358291d569
incubator-mxnet,11502,200206922,https://github.com/apache/incubator-mxnet/pull/11502#discussion_r200206922,9884d6015ec0850dfbf6983121050b4af5fb1689,a2780ceae31465350fae14a47f4b7b45e9112a57
spark,204,11469526,https://github.com/apache/spark/pull/204#discussion_r11469526,69d1b4141f08f246a78728f0e4a57b46d80ea6ca,b158d985a87f5c44beaf51d7342908fce3843f57
attic-apex-core,479,108591304,https://github.com/apache/attic-apex-core/pull/479#discussion_r108591304,None,None
spark,1222,15478958,https://github.com/apache/spark/pull/1222#discussion_r15478958,None,None
nifi,3894,365769826,https://github.com/apache/nifi/pull/3894#discussion_r365769826,d4aeaca4cd41497b93fdf03d104292da683a2150,81017af0ab60898d75824f72e3d945f8c476325d
pulsar,366,296908563,https://github.com/apache/pulsar/pull/366#issuecomment-296908563,None,None
kafka,6536,275588869,https://github.com/apache/kafka/pull/6536#discussion_r275588869,None,None
calcite,1075,261510267,https://github.com/apache/calcite/pull/1075#discussion_r261510267,70604e96077dfe36593e815c0769e6c1d2e5a360,c52a1feb075216d4f2336da041f24626c67327e6
flink,1640,52993965,https://github.com/apache/flink/pull/1640#discussion_r52993965,6dcdad84db74c44e6c669663dd08617bd3cd9b69,1ccb02aeeacbb13c43da32b58ba8af275ab78a6e
airflow,4751,346970934,https://github.com/apache/airflow/pull/4751#discussion_r346970934,None,None
beam,5028,181501125,https://github.com/apache/beam/pull/5028#discussion_r181501125,None,None
spark,17582,294933906,https://github.com/apache/spark/pull/17582#issuecomment-294933906,a8fb1e0ad6573aa290b179cd9c1883abc62552be,68c9d83a48751e57988f09a46c8e61a073c7d582
spark,20787,175982564,https://github.com/apache/spark/pull/20787#discussion_r175982564,9d991212cb4da219257964b0d20aaf57a194e558,682bc8cd766c405d241bf76af62ab03ac3cc26d2
kafka,8706,432145121,https://github.com/apache/kafka/pull/8706#discussion_r432145121,None,None
kafka,6517,484309340,https://github.com/apache/kafka/pull/6517#issuecomment-484309340,None,None
druid,4815,146068538,https://github.com/apache/druid/pull/4815#discussion_r146068538,06c86ab289db0d7a2b99195a20af5f782cc6f306,4d9194eb5be61a255c9fdc8bb69d40e5ee6e1612
airflow,5661,307279581,https://github.com/apache/airflow/pull/5661#discussion_r307279581,None,None
flink,6236,241972720,https://github.com/apache/flink/pull/6236#discussion_r241972720,None,None
calcite,2369,593096896,https://github.com/apache/calcite/pull/2369#discussion_r593096896,None,None
fineract,1458,718052221,https://github.com/apache/fineract/pull/1458#issuecomment-718052221,None,None
helix,1447,704707243,https://github.com/apache/helix/pull/1447#issuecomment-704707243,None,None
shardingsphere,3158,329463176,https://github.com/apache/shardingsphere/pull/3158#discussion_r329463176,fd5a2f1e92883a443c380feb50ccc3e79c39988e,cd0e29bc101caf4bbf928370a9e268c0fecbe655
drill,819,113834302,https://github.com/apache/drill/pull/819#discussion_r113834302,None,None
spark,10993,51332430,https://github.com/apache/spark/pull/10993#discussion_r51332430,None,None
flink,14839,586411292,https://github.com/apache/flink/pull/14839#discussion_r586411292,None,None
nifi,3536,300057978,https://github.com/apache/nifi/pull/3536#discussion_r300057978,None,None
cloudstack,768,39469736,https://github.com/apache/cloudstack/pull/768#discussion_r39469736,None,None
drill,1251,187210052,https://github.com/apache/drill/pull/1251#discussion_r187210052,None,None
spark,4690,25098634,https://github.com/apache/spark/pull/4690#discussion_r25098634,71d0e17b2de3e6b0b7eca3d2c9db7001be9da3d5,ba1eb8ba4173c8df5f95f8c71a75f0d68632165b
kafka,2320,94887536,https://github.com/apache/kafka/pull/2320#discussion_r94887536,1c319cbb782c536f21e2291ba931866656c80935,feea9a5fb869196ca85471b8350a2f318b15c355
beam,8270,274875921,https://github.com/apache/beam/pull/8270#discussion_r274875921,None,None
beam,10227,558882339,https://github.com/apache/beam/pull/10227#issuecomment-558882339,9df3f22106d56559120f35b04c36e8ff27b1214e,7a62d9ecaac46da24deeecbf58f4f7e8e4436ca1
airflow,2372,140193220,https://github.com/apache/airflow/pull/2372#discussion_r140193220,None,None
spark,23747,269640058,https://github.com/apache/spark/pull/23747#discussion_r269640058,bceccd8a3f4b7d0c984ac3cb8ccb8821588de99e,a1a0b88599fb955de21770e75c02897a9210a96d
cloudstack,1578,77754965,https://github.com/apache/cloudstack/pull/1578#discussion_r77754965,None,None
spark,15237,90548133,https://github.com/apache/spark/pull/15237#discussion_r90548133,8ace686dd0dd4638d71a3525aeea43b4d1f68b23,399bf9ab2acc1a143d538bf6e11f8020e8f55230
phoenix,508,285231247,https://github.com/apache/phoenix/pull/508#discussion_r285231247,None,None
incubator-mxnet,15277,296085060,https://github.com/apache/incubator-mxnet/pull/15277#discussion_r296085060,None,None
spark,28641,435012863,https://github.com/apache/spark/pull/28641#discussion_r435012863,250c192704b8f804110af06e59461f0199c64ee4,27c937bc18a108e040568a94666905f5497c16c7
flink,879,118008845,https://github.com/apache/flink/pull/879#issuecomment-118008845,None,None
ozone,1233,482676002,https://github.com/apache/ozone/pull/1233#discussion_r482676002,2b914baaf17cc153b917a823ecd9b11d338a821b,cac21a6ef21c729771fd047eb86739a4407b4129
carbondata,1321,138830621,https://github.com/apache/carbondata/pull/1321#discussion_r138830621,None,None
cloudstack,1572,253562333,https://github.com/apache/cloudstack/pull/1572#issuecomment-253562333,None,None
openwhisk,4870,399976882,https://github.com/apache/openwhisk/pull/4870#discussion_r399976882,None,None
spark,5355,28042923,https://github.com/apache/spark/pull/5355#discussion_r28042923,db76cafdf63ca8d1238fd793d8867ae67d5a0d60,454ef2ca83ccd0046a8a1e714b86505f8059fda9
trafficcontrol,3601,297263939,https://github.com/apache/trafficcontrol/pull/3601#discussion_r297263939,None,None
jena,337,159239355,https://github.com/apache/jena/pull/337#discussion_r159239355,None,None
airflow,11132,495856534,https://github.com/apache/airflow/pull/11132#discussion_r495856534,d282e567d86e5f72b8556f5765afd5acbf061acb,33b4368490a2f9108b6cb19026a12a76a4547cdd
flink,1052,134567455,https://github.com/apache/flink/pull/1052#issuecomment-134567455,None,None
iceberg,1793,553700047,https://github.com/apache/iceberg/pull/1793#discussion_r553700047,None,None
flink,6076,192981069,https://github.com/apache/flink/pull/6076#discussion_r192981069,None,None
storm,1781,262494323,https://github.com/apache/storm/pull/1781#issuecomment-262494323,None,None
spark,1484,23672440,https://github.com/apache/spark/pull/1484#discussion_r23672440,427ca4eedffd21b4e62e8de55c92a6b3fea45240,714b878037b70ae1d19d2fac72416a8382c77f1e
spark,28952,447482241,https://github.com/apache/spark/pull/28952#discussion_r447482241,093df98f1e5d5d8d7137084f7973577cb20dbe77,e8b572f92431d904e52b1ee66610118411845d72
spark,13410,65192185,https://github.com/apache/spark/pull/13410#discussion_r65192185,f3706eefbc0ebaabf078b2e7bd5beeccaff24687,570c333205972e753b8ad8c4fd389a00a8b79848
fineract,810,623127986,https://github.com/apache/fineract/pull/810#issuecomment-623127986,9362ca865d56f31a52209a44c50d4a111864d6d1,f6dccdedc3aeae5910115c25b2a29560ad1a8c53
spark,30392,729168362,https://github.com/apache/spark/pull/30392#issuecomment-729168362,None,None
spark,4588,26089697,https://github.com/apache/spark/pull/4588#discussion_r26089697,5f87700f87c3c34f543a1691ebb12b4e1160bfcd,c425022dd2709ffbb98d8ff5f026ad50e36278e0
spark,4105,103159431,https://github.com/apache/spark/pull/4105#issuecomment-103159431,None,None
arrow,5451,329113827,https://github.com/apache/arrow/pull/5451#discussion_r329113827,None,None
druid,50,2541441,https://github.com/apache/druid/pull/50#discussion_r2541441,41edec62ce893482d759f04b89247f72b69b01ec,824997eb43e99d0dcb76da7dc997731ea348bb5f
flink,12042,422441179,https://github.com/apache/flink/pull/12042#discussion_r422441179,4e7e6ed50a36257a3e12cf9166d2d53742a148de,95af2c710bc1453b1930b46dbed83708f08fcc7a
flink,12268,430016877,https://github.com/apache/flink/pull/12268#discussion_r430016877,None,None
spark,6959,33198256,https://github.com/apache/spark/pull/6959#discussion_r33198256,None,None
kafka,2405,97622033,https://github.com/apache/kafka/pull/2405#discussion_r97622033,None,None
spark,27612,380444937,https://github.com/apache/spark/pull/27612#discussion_r380444937,None,None
kafka,1791,80134212,https://github.com/apache/kafka/pull/1791#discussion_r80134212,1c8572b93c67bf534a392abea2891c2a98210ff9,538a90a4f90ec47d6615d528cecff5318e34f734
daffodil,407,470752272,https://github.com/apache/daffodil/pull/407#discussion_r470752272,609fe2734e10b2e73f598d80149ea09499f288c2,7473931e135a1d01096b65e168acdc4739d911ef
spark,4593,75540678,https://github.com/apache/spark/pull/4593#issuecomment-75540678,None,None
spark,5350,28019159,https://github.com/apache/spark/pull/5350#discussion_r28019159,None,None
kafka,9100,477786630,https://github.com/apache/kafka/pull/9100#discussion_r477786630,aa15fd0269b25c0cb44f3c4ab008d0dcd5a6e194,7ef9a0de7b806852f560e1a43cf1ddc05ef2e3d6
calcite,2076,457807922,https://github.com/apache/calcite/pull/2076#discussion_r457807922,None,None
flink,705,30817476,https://github.com/apache/flink/pull/705#discussion_r30817476,None,None
incubator-doris,4925,528201502,https://github.com/apache/incubator-doris/pull/4925#discussion_r528201502,None,None
trafficserver,834,78213185,https://github.com/apache/trafficserver/pull/834#discussion_r78213185,caa9ec69499f70f0c2515d1c72b654c6d0afc91b,a2f7d41e97d61a4317a43bfb85aa045b9b40ec3f
nifi,1553,103938291,https://github.com/apache/nifi/pull/1553#discussion_r103938291,None,None
kafka,386,43579299,https://github.com/apache/kafka/pull/386#discussion_r43579299,None,None
spark,25626,320095359,https://github.com/apache/spark/pull/25626#discussion_r320095359,None,None
zookeeper,1257,593204387,https://github.com/apache/zookeeper/pull/1257#issuecomment-593204387,None,None
spark,15009,84790527,https://github.com/apache/spark/pull/15009#discussion_r84790527,None,None
spark,25811,324969028,https://github.com/apache/spark/pull/25811#discussion_r324969028,None,None
cloudstack,2578,225156473,https://github.com/apache/cloudstack/pull/2578#discussion_r225156473,1322d120016de3f30d880137555f699b74e91b8c,71b06c333924335143ac8a3043e73baefddf6cfa
tajo,308,67804082,https://github.com/apache/tajo/pull/308#issuecomment-67804082,None,None
flink,12260,429716465,https://github.com/apache/flink/pull/12260#discussion_r429716465,081a62a66ef0a1b687b10e6b41ed8066b0c7992d,cb99a301a3d1625909fbf94e8543e3a7b0726685
spark,29992,504358081,https://github.com/apache/spark/pull/29992#discussion_r504358081,None,None
kafka,9001,462716040,https://github.com/apache/kafka/pull/9001#discussion_r462716040,None,None
arrow,8648,567582052,https://github.com/apache/arrow/pull/8648#discussion_r567582052,4d42e1d7b1a939c768a6a2190fbea60ede31cc8a,e4a4cb3c946fc356d617bc46380e259b71d4a0da
storm,2911,283128941,https://github.com/apache/storm/pull/2911#discussion_r283128941,f1dc5c135da81971d180b02a0c593605e0a6d3e3,d4673b0ee01faec6d4cb8ece5032549b7302d5a5
samza,230,124421458,https://github.com/apache/samza/pull/230#discussion_r124421458,None,None
kafka,6521,273258127,https://github.com/apache/kafka/pull/6521#discussion_r273258127,f2a556bfd23ffbf44f817eab305614e5d466f540,61e86c8d43c85402f07f56bba4ffac27ce9b177b
camel-quarkus,1526,672675824,https://github.com/apache/camel-quarkus/pull/1526#issuecomment-672675824,159ca4a027ba5ee2728ea44f8dd196c278d10da5,0422219d7ed6a775208d5417f6ac39aea200a6a2
apisix-dashboard,979,543388564,https://github.com/apache/apisix-dashboard/pull/979#discussion_r543388564,f17c537ea05f49312b3ed9947f8d9078a77bca0c,d220c2a6043ca2d24879502df6105afd5a72cb39
nifi,4824,576641177,https://github.com/apache/nifi/pull/4824#discussion_r576641177,7cc816ebdf17f99ba58b147a8233b89db24e294a,efa64dad054390339c9d5cb3481beba250123107
iceberg,933,411434730,https://github.com/apache/iceberg/pull/933#discussion_r411434730,ab3082e176010ffd5f2dcc6a74e2423c8170ec64,ad27b357f64f0899513228927516afa7e52c7248
drill,996,146815141,https://github.com/apache/drill/pull/996#discussion_r146815141,1eba3a7234fbcf61659a1667aebc5034081b4984,9b9f0bbca2ce64a949eeb4b122df46b0656a3c97
spark,13967,229733872,https://github.com/apache/spark/pull/13967#issuecomment-229733872,8a639bcc0ea70fd232a718e8ef164be20821b800,c0dac4bacbd07d244ea716db076b7a638be31837
trafodion,604,234079094,https://github.com/apache/trafodion/pull/604#issuecomment-234079094,8bd915084179a3c6f4a79bf0e0cbca3686479979,59cd8319eca75486171dc7fc6f6c883dbace0fba
kafka,4001,333581688,https://github.com/apache/kafka/pull/4001#issuecomment-333581688,None,None
airflow,1488,222606343,https://github.com/apache/airflow/pull/1488#issuecomment-222606343,None,None
incubator-pinot,4397,307084550,https://github.com/apache/incubator-pinot/pull/4397#discussion_r307084550,a947a0e15d87cabda241ed89ddbe7b23a4bd36a8,40324ddaa964efb4a2881233b70a9fbdc255e225
spark,28661,635693433,https://github.com/apache/spark/pull/28661#issuecomment-635693433,None,None
nifi,914,75858615,https://github.com/apache/nifi/pull/914#discussion_r75858615,None,None
tvm,4847,584462639,https://github.com/apache/tvm/pull/4847#issuecomment-584462639,d6301d665416b6c24c9ac9181051fd883a1bf446,adbe5a27cc42a16556fb1317b05603414dec1221
spark,24043,292472811,https://github.com/apache/spark/pull/24043#discussion_r292472811,da35351236e7bc09075532daaf2ee40fc685b509,a6fc2d0d3b542c402e426ff125ff42822ddb4b7c
beam,1278,86889887,https://github.com/apache/beam/pull/1278#discussion_r86889887,None,None
druid,3928,106563776,https://github.com/apache/druid/pull/3928#discussion_r106563776,None,None
camel,3381,561470632,https://github.com/apache/camel/pull/3381#issuecomment-561470632,None,None
flink,11047,379996777,https://github.com/apache/flink/pull/11047#discussion_r379996777,None,None
spark,15009,106230108,https://github.com/apache/spark/pull/15009#discussion_r106230108,c17f15f3994ba0cba4be63519f33ce4429adf489,026d026b8b186ce690399f8b768826edc0a6aefd
flink,7123,236347738,https://github.com/apache/flink/pull/7123#discussion_r236347738,None,None
incubator-heron,1728,281558138,https://github.com/apache/incubator-heron/pull/1728#issuecomment-281558138,None,None
gobblin,2015,129176332,https://github.com/apache/gobblin/pull/2015#discussion_r129176332,c0c9b056d047cebf352118a395db607c6d6caec9,c8acad3ca8e7aa5596c4685c9a99e085b3d42ba0
bookkeeper,888,352890209,https://github.com/apache/bookkeeper/pull/888#issuecomment-352890209,None,None
cloudstack,2058,139283005,https://github.com/apache/cloudstack/pull/2058#discussion_r139283005,None,None
netbeans,2324,511329375,https://github.com/apache/netbeans/pull/2324#discussion_r511329375,bc3b774488639391dabb8eb3eccbbcba92e18ed1,903433f01b1578cde184f6ea85f3c651e42b7e5f
incubator-brooklyn,83,49760955,https://github.com/apache/incubator-brooklyn/pull/83#issuecomment-49760955,None,None
ignite,8048,480182091,https://github.com/apache/ignite/pull/8048#discussion_r480182091,7d8eaee7c8f1cd7f3a3bd8cc73020fd75c9f5868,1c30d517f13bfbe7e50656c938cd27ca45b0da13
spark,25628,319461063,https://github.com/apache/spark/pull/25628#discussion_r319461063,None,None
brooklyn-server,835,142912453,https://github.com/apache/brooklyn-server/pull/835#discussion_r142912453,None,None
spark,448,11813558,https://github.com/apache/spark/pull/448#discussion_r11813558,None,None
flink,6178,196555570,https://github.com/apache/flink/pull/6178#discussion_r196555570,None,None
kafka,6977,298727205,https://github.com/apache/kafka/pull/6977#discussion_r298727205,d35f1e598d95cc2505bb11549ddb4a2ab962e8e7,5fabb4eee7ac08a019b8004af7cd14db25ce413a
spark,16706,98121245,https://github.com/apache/spark/pull/16706#discussion_r98121245,195adc76d97368780672cf2b8c462a5d6d419532,05e9a0c517d1357e4ffc23bed6bdecb5325552b9
tvm,7021,797529527,https://github.com/apache/tvm/pull/7021#issuecomment-797529527,None,None
airflow,5343,288918215,https://github.com/apache/airflow/pull/5343#discussion_r288918215,None,None
spark,16892,280117833,https://github.com/apache/spark/pull/16892#issuecomment-280117833,None,None
airflow,13728,761947640,https://github.com/apache/airflow/pull/13728#issuecomment-761947640,None,None
systemds,740,172401453,https://github.com/apache/systemds/pull/740#discussion_r172401453,abc617e3ea547aaf902a7f3ac9ae226ae2cec81e,2e036eafb53d2cf2612447d9a373c10b7fedd888
incubator-mxnet,15371,302817980,https://github.com/apache/incubator-mxnet/pull/15371#discussion_r302817980,84d03b0593e9773b283d8ff4cab9f3b75240b552,c41c50a45097f8aeebd4e84b33f370268b8e1edd
incubator-brooklyn,131,16893613,https://github.com/apache/incubator-brooklyn/pull/131#discussion_r16893613,None,None
tvm,2773,283191720,https://github.com/apache/tvm/pull/2773#discussion_r283191720,c75ac97b378be81a7c1d9716ab889ef7200fad15,13f7a752aeb3fd7211ccb936ae74ef51a1762f22
cloudstack,1953,102184780,https://github.com/apache/cloudstack/pull/1953#discussion_r102184780,None,None
commons-lang,261,289800588,https://github.com/apache/commons-lang/pull/261#issuecomment-289800588,7390433b9dc9f53d2cf472421fe63d8240756492,6aee4203260f93cf4511779e8078952e90d6bb6f
beam,5049,379410687,https://github.com/apache/beam/pull/5049#issuecomment-379410687,None,None
superset,6663,453598576,https://github.com/apache/superset/pull/6663#issuecomment-453598576,None,None
spark,1379,71531266,https://github.com/apache/spark/pull/1379#issuecomment-71531266,None,None
spark,5511,28394051,https://github.com/apache/spark/pull/5511#discussion_r28394051,d81ad43e5e07fe2227db7bb383c98c6d2c0fb875,820dc4515f968fbbee01dc073fc3813a4fc9d9d0
kafka,5885,236424422,https://github.com/apache/kafka/pull/5885#discussion_r236424422,e96469c59dcd0e5f5a760a40ece6181c8b2b84cf,64574ac6df5a695f15ee3e3a2a731eb7012bdec7
flink,12900,454415036,https://github.com/apache/flink/pull/12900#discussion_r454415036,None,None
flink,4143,123715389,https://github.com/apache/flink/pull/4143#discussion_r123715389,1403ec2887fe433c52590fc0cd933f8dcf8c6ab7,d029e0ae765526c02809255e8814ddc2a734ae82
spark,7181,33755269,https://github.com/apache/spark/pull/7181#discussion_r33755269,1a24082e22514d67ff387bbbf7b355b89ddc66a7,25156b7a4911dc0ee9f41cabbfb529126288f68d
kafka,764,50764320,https://github.com/apache/kafka/pull/764#discussion_r50764320,None,None
incubator-pinot,2228,158572949,https://github.com/apache/incubator-pinot/pull/2228#discussion_r158572949,None,None
airflow,3090,370109428,https://github.com/apache/airflow/pull/3090#issuecomment-370109428,f4898b129b33c708ab3d887c20b88a5f33563ef3,7c05ef7e90cf0729b8a528f6687b5fefd4ebc0b8
hudi,1115,567470696,https://github.com/apache/hudi/pull/1115#issuecomment-567470696,None,None
zookeeper,1614,785912733,https://github.com/apache/zookeeper/pull/1614#issuecomment-785912733,None,None
zookeeper,567,405419213,https://github.com/apache/zookeeper/pull/567#issuecomment-405419213,9386e2b6c8cf3f91084bbda0e13fea7f459de0ba,5201329bc2f0f8d7c7db18343a9601994c7e707a
beam,12645,486156062,https://github.com/apache/beam/pull/12645#discussion_r486156062,7a096ddd903f6b8281794a9b4576979a3cef758f,85c579fb7e2f293d81f28a5445ab5ad61745b043
tvm,5144,397530214,https://github.com/apache/tvm/pull/5144#discussion_r397530214,None,None
spark,20303,249798529,https://github.com/apache/spark/pull/20303#discussion_r249798529,None,None
spark,12836,216750713,https://github.com/apache/spark/pull/12836#issuecomment-216750713,None,None
spark,25823,330702021,https://github.com/apache/spark/pull/25823#discussion_r330702021,None,None
flink,14734,569501903,https://github.com/apache/flink/pull/14734#discussion_r569501903,None,None
spark,610,12292824,https://github.com/apache/spark/pull/610#discussion_r12292824,fa205e11568625a78a8913c316d8fe8e3f40732a,a4bc96f3dc38802d64c3efe9c9f0911be9a55d31
hive,550,343202348,https://github.com/apache/hive/pull/550#discussion_r343202348,None,None
samza,103,110061958,https://github.com/apache/samza/pull/103#discussion_r110061958,None,None
cassandra,711,472502571,https://github.com/apache/cassandra/pull/711#discussion_r472502571,None,None
incubator-pinot,5853,476001577,https://github.com/apache/incubator-pinot/pull/5853#discussion_r476001577,f58994d1593a9d176900bdd757e7176293c894bd,da54dd3b5aa79f5f809c5164760cc01738293269
iceberg,2167,571340787,https://github.com/apache/iceberg/pull/2167#discussion_r571340787,66ea0d233b37e857af12b7bcaa6c3556da92c3ad,d7e83734b6fbd87e5b49680b9490370c5be7a973
druid,7758,287539672,https://github.com/apache/druid/pull/7758#discussion_r287539672,None,None
spark,19901,155169114,https://github.com/apache/spark/pull/19901#discussion_r155169114,c81d795565ae347243c3571885820b5ac15bf494,96183d390a4b7887736e66a1ab6616f052ee9f36
storm,1406,222930875,https://github.com/apache/storm/pull/1406#issuecomment-222930875,None,None
beam,6981,233161421,https://github.com/apache/beam/pull/6981#discussion_r233161421,None,None
openwhisk,484,65249201,https://github.com/apache/openwhisk/pull/484#discussion_r65249201,None,None
incubator-brooklyn,910,39962111,https://github.com/apache/incubator-brooklyn/pull/910#discussion_r39962111,None,None
spark,22154,234385204,https://github.com/apache/spark/pull/22154#discussion_r234385204,None,None
beam,10367,364531963,https://github.com/apache/beam/pull/10367#discussion_r364531963,None,None
reef,234,32866959,https://github.com/apache/reef/pull/234#discussion_r32866959,None,None
kafka,9007,454569003,https://github.com/apache/kafka/pull/9007#discussion_r454569003,None,None
incubator-mxnet,16790,345358591,https://github.com/apache/incubator-mxnet/pull/16790#discussion_r345358591,None,None
spark,6059,101015161,https://github.com/apache/spark/pull/6059#issuecomment-101015161,None,None
airflow,730,85289615,https://github.com/apache/airflow/pull/730#discussion_r85289615,None,None
spark,25785,531497209,https://github.com/apache/spark/pull/25785#issuecomment-531497209,None,None
kafka,7994,373361209,https://github.com/apache/kafka/pull/7994#discussion_r373361209,f3457905bf31539a59db5888b912aa812880b1fa,8c160c96a266767182baaf3885770be9fbce16d9
incubator-pinot,4777,344013968,https://github.com/apache/incubator-pinot/pull/4777#discussion_r344013968,None,None
ozone,1503,506851310,https://github.com/apache/ozone/pull/1503#discussion_r506851310,None,None
spark,28038,402528402,https://github.com/apache/spark/pull/28038#discussion_r402528402,None,None
airflow,14219,584775664,https://github.com/apache/airflow/pull/14219#discussion_r584775664,None,None
dubbo,4526,303318487,https://github.com/apache/dubbo/pull/4526#discussion_r303318487,432d05a2481d522f55c516dee319fa1a067d2d0b,8b5caff63ef56ed21086f8998310bb42b332230a
tinkerpop,1308,512632352,https://github.com/apache/tinkerpop/pull/1308#discussion_r512632352,None,None
hudi,1274,370818776,https://github.com/apache/hudi/pull/1274#discussion_r370818776,None,None
helix,1472,710682396,https://github.com/apache/helix/pull/1472#issuecomment-710682396,None,None
zookeeper,904,274872856,https://github.com/apache/zookeeper/pull/904#discussion_r274872856,7d0baaa46f7da5cfbcde6936f02662932d823486,a6105324b23f42700db33bf8a5d6df042002e323
incubator-mxnet,12918,227170725,https://github.com/apache/incubator-mxnet/pull/12918#discussion_r227170725,f17039377c5694a7c554d5354703dbb71c039e11,2de6d60fea5c993d02a923f91129d6613a54c395
flink,10017,349058826,https://github.com/apache/flink/pull/10017#discussion_r349058826,None,None
spark,12474,211507927,https://github.com/apache/spark/pull/12474#issuecomment-211507927,None,None
reef,1473,198332781,https://github.com/apache/reef/pull/1473#discussion_r198332781,d081df9b4adda39aeeac29b5dd9a4d15179ab2aa,5d8189ae7f54f9dc90e494c52a2f7d4bee5ccc87
systemds,1023,728301245,https://github.com/apache/systemds/pull/1023#issuecomment-728301245,None,None
spark,31296,562868528,https://github.com/apache/spark/pull/31296#discussion_r562868528,d4f945786c1469690dc92f02c98532f4d023ac3c,c6e57c1d93ac8839fa6261a5eb4e710507440b0e
airflow,1352,309399231,https://github.com/apache/airflow/pull/1352#issuecomment-309399231,None,None
helix,1208,464529958,https://github.com/apache/helix/pull/1208#discussion_r464529958,41e12c1aaa40965d4ab0505d17d6f98d0e5f2dd0,2a579b70c8b39295670a84ed922666590b319331
arrow,2890,230019538,https://github.com/apache/arrow/pull/2890#discussion_r230019538,None,None
spark,1541,49855865,https://github.com/apache/spark/pull/1541#issuecomment-49855865,None,None
incubator-heron,1969,122385823,https://github.com/apache/incubator-heron/pull/1969#discussion_r122385823,4d89f836412da0df035d77b30f8c33f0ba00e409,70a86f0c12a2b942a9953dfe5ed7fbb429543ec0
parquet-mr,150,90990009,https://github.com/apache/parquet-mr/pull/150#issuecomment-90990009,eecf5f35b00e025d5d39327b7fb5f00d62d3f256,c2e12c56988469cb0ff54769c3421054fb075f48
daffodil,408,488125346,https://github.com/apache/daffodil/pull/408#discussion_r488125346,None,None
calcite,1584,347069363,https://github.com/apache/calcite/pull/1584#discussion_r347069363,None,None
spark,158,11264777,https://github.com/apache/spark/pull/158#discussion_r11264777,7cd4600a85414e226b6db4263c63ea5380dd2c84,55b59181bca9488d5323db61a12903a4ee76b8cb
spark,23943,264538235,https://github.com/apache/spark/pull/23943#discussion_r264538235,774027c249b9d3e9c75d13260f976d7d7287e88e,b939d2aba2fe44f5bd63af145cc44c39651dd38d
superset,6519,448402012,https://github.com/apache/superset/pull/6519#issuecomment-448402012,None,None
spark,16280,92527834,https://github.com/apache/spark/pull/16280#discussion_r92527834,4939d6d87068079b3655d045e25f68269a152425,1628b29f90eb97f0d951c3850518ce6bd9b49d2c
flink,13135,475413540,https://github.com/apache/flink/pull/13135#discussion_r475413540,349cff189839e379802a3058e798c2a43238730c,0d075ab14d2c9aac9d6f300522e51bb4dafce5d9
flink,10388,561631987,https://github.com/apache/flink/pull/10388#issuecomment-561631987,None,None
geode,4189,544634796,https://github.com/apache/geode/pull/4189#issuecomment-544634796,None,None
spark,8744,39581040,https://github.com/apache/spark/pull/8744#discussion_r39581040,None,None
spark,4525,24634640,https://github.com/apache/spark/pull/4525#discussion_r24634640,None,None
hadoop,840,499279608,https://github.com/apache/hadoop/pull/840#issuecomment-499279608,None,None
kylin,961,352444230,https://github.com/apache/kylin/pull/961#discussion_r352444230,None,None
spark,9297,46203981,https://github.com/apache/spark/pull/9297#discussion_r46203981,None,None
spark,28841,463960973,https://github.com/apache/spark/pull/28841#discussion_r463960973,None,None
spark,16944,103047268,https://github.com/apache/spark/pull/16944#discussion_r103047268,None,None
hudi,2127,499304054,https://github.com/apache/hudi/pull/2127#discussion_r499304054,724429e7284e723b09d5aef898155f66982af15e,d34ac8fdb2641d143f27b2fa2cda95ca96c78f4c
guacamole-client,122,161413980,https://github.com/apache/guacamole-client/pull/122#discussion_r161413980,None,None
cloudstack,4574,763102959,https://github.com/apache/cloudstack/pull/4574#issuecomment-763102959,None,None
flink,10454,355092999,https://github.com/apache/flink/pull/10454#discussion_r355092999,b4108e04a0f6227b17e9b88b7d151949f3b47f26,da1cf32e59505f9c47097bb4f6809a813734d7f7
brooklyn-server,144,222313156,https://github.com/apache/brooklyn-server/pull/144#issuecomment-222313156,None,None
kafka,8105,379594069,https://github.com/apache/kafka/pull/8105#discussion_r379594069,None,None
spark,15963,88906249,https://github.com/apache/spark/pull/15963#discussion_r88906249,None,None
arrow,9397,571604769,https://github.com/apache/arrow/pull/9397#discussion_r571604769,None,None
spark,22006,207876249,https://github.com/apache/spark/pull/22006#discussion_r207876249,f1a7e29837c39f626b260af3d62d74be9d0e802f,9bc0541f2caf0dfde0173c1cc1f2dadbd2f94ce3
hadoop,2674,781282914,https://github.com/apache/hadoop/pull/2674#issuecomment-781282914,2136343f22143c7963fd84a0fe6e8782a561c5cc,15b028b379613a0be7ed7bb20bfd509a3ac1b216
arrow,1804,377119109,https://github.com/apache/arrow/pull/1804#issuecomment-377119109,5c1dfee3e56d92bb40efd2cf5086aad7bec55328,3269d0d66470d8c482d3b80961f495ff92afee31
druid,4754,152706384,https://github.com/apache/druid/pull/4754#discussion_r152706384,df861ced5292e67127ca9420e70395cbe6a57f80,2470d3b12350359aa324c4924075eddf53ad0a2d
flink,11403,392897158,https://github.com/apache/flink/pull/11403#discussion_r392897158,None,None
kafka,3575,129764370,https://github.com/apache/kafka/pull/3575#discussion_r129764370,c1e27cfcc5ea542f772f8562b88353c5afa90db2,a784f205acbd0d64f43ce49654c836b48ecca230
cassandra,730,485793488,https://github.com/apache/cassandra/pull/730#discussion_r485793488,None,None
incubator-heron,3479,626232335,https://github.com/apache/incubator-heron/pull/3479#issuecomment-626232335,None,None
incubator-mxnet,9552,176825148,https://github.com/apache/incubator-mxnet/pull/9552#discussion_r176825148,33964bd5e86656191f7afe0cc682646f94a5153a,d9f20682f82824b0485b92267d6c6b759c058603
camel,3171,324231977,https://github.com/apache/camel/pull/3171#discussion_r324231977,bbc428a2c7bc2aaaaff383883810f7527d196a27,08a0c6a3c81b10695ff62626d8c6f06f504bc7d6
airflow,1830,90948950,https://github.com/apache/airflow/pull/1830#discussion_r90948950,None,None
hudi,2106,503737912,https://github.com/apache/hudi/pull/2106#discussion_r503737912,None,None
druid,5632,180936341,https://github.com/apache/druid/pull/5632#discussion_r180936341,dee1736e43cb20e2a18ecd8e9c7747c104319d78,9012a08fff74cde2ccbb5f19f3f888a5df5b7275
incubator-pagespeed-ngx,1028,43148618,https://github.com/apache/incubator-pagespeed-ngx/pull/1028#discussion_r43148618,None,None
incubator-pinot,2068,149484084,https://github.com/apache/incubator-pinot/pull/2068#discussion_r149484084,3beccf94307468e9e890647f2390f5e1733f8d72,d2879be25874f0c613946615bf32903e6e95327c
spark,19041,163041732,https://github.com/apache/spark/pull/19041#discussion_r163041732,None,None
arrow,898,130206222,https://github.com/apache/arrow/pull/898#discussion_r130206222,8ecfce2aa6c4af808278c9ebe18974b70050b9e0,e992fc793ccf6a8f197be8c299334300adc1d203
skywalking,4987,652475825,https://github.com/apache/skywalking/pull/4987#issuecomment-652475825,None,None
storm,1480,226404728,https://github.com/apache/storm/pull/1480#issuecomment-226404728,None,None
reef,1054,68419655,https://github.com/apache/reef/pull/1054#discussion_r68419655,None,None
daffodil,291,348540375,https://github.com/apache/daffodil/pull/291#discussion_r348540375,None,None
cloudstack,1224,164271374,https://github.com/apache/cloudstack/pull/1224#issuecomment-164271374,None,None
kafka,6762,286572482,https://github.com/apache/kafka/pull/6762#discussion_r286572482,7bd36c85e163d24cc61c7c51d141516eaee56d84,663dc7890c2f37ff86ce6c3603f7b511796e6758
rocketmq,64,280278200,https://github.com/apache/rocketmq/pull/64#issuecomment-280278200,None,None
arrow,2623,220653441,https://github.com/apache/arrow/pull/2623#discussion_r220653441,None,None
kafka,6163,252942686,https://github.com/apache/kafka/pull/6163#discussion_r252942686,d950b6ba8b85bc1e6cae66a23c1025432fb54b7c,1421a43a3fcf28c99477bea7a1499a8fa17e50d9
beam,2330,112816993,https://github.com/apache/beam/pull/2330#discussion_r112816993,None,None
spark,2933,19377630,https://github.com/apache/spark/pull/2933#discussion_r19377630,7dfe41e7449c1103840a389de87557a84f8d9d9d,f3e20814411b36140edb726ac7e6b1dec1a8f939
thrift,448,183605715,https://github.com/apache/thrift/pull/448#issuecomment-183605715,None,None
kafka,8402,609450055,https://github.com/apache/kafka/pull/8402#issuecomment-609450055,None,None
kafka,10039,571271791,https://github.com/apache/kafka/pull/10039#discussion_r571271791,7266265e51a261050dbb2745bc0467244ccd576f,22eb7e1facebf750ebda0a265029bf98884459a3
pulsar,2101,202403205,https://github.com/apache/pulsar/pull/2101#discussion_r202403205,None,None
spark,6558,31485428,https://github.com/apache/spark/pull/6558#discussion_r31485428,b43845c9c1c57fcf28ef2b0ae5d161f33613eb29,48cc57c84ac7f290f8f652f9051e124c9adf9ada
pulsar,6196,374325392,https://github.com/apache/pulsar/pull/6196#discussion_r374325392,None,None
spark,1270,17257206,https://github.com/apache/spark/pull/1270#discussion_r17257206,517a594c3779cfe68d90d5208b2f72e29f7fcedb,43a613edf9d25237cf18498b64821eedb4b0d404
incubator-mxnet,3781,260116824,https://github.com/apache/incubator-mxnet/pull/3781#issuecomment-260116824,None,None
tvm,2292,241858156,https://github.com/apache/tvm/pull/2292#discussion_r241858156,None,None
flink,10358,561655258,https://github.com/apache/flink/pull/10358#issuecomment-561655258,None,None
arrow,5508,535832777,https://github.com/apache/arrow/pull/5508#issuecomment-535832777,None,None
arrow,4322,493617041,https://github.com/apache/arrow/pull/4322#issuecomment-493617041,None,None
gobblin,1106,70877402,https://github.com/apache/gobblin/pull/1106#discussion_r70877402,None,None
nifi,1800,303611024,https://github.com/apache/nifi/pull/1800#issuecomment-303611024,None,None
flink,8438,287425587,https://github.com/apache/flink/pull/8438#discussion_r287425587,None,None
ignite,5635,241036804,https://github.com/apache/ignite/pull/5635#discussion_r241036804,None,None
spark,22847,228600757,https://github.com/apache/spark/pull/22847#discussion_r228600757,188a9476e3504c151ebe27b362a080469c262674,ee986ccb4ec48337434f68a3e16953e6ebc2f67f
spark,30204,516533952,https://github.com/apache/spark/pull/30204#discussion_r516533952,cf4f668f880a295b96724060cdb29172278a6900,1e3ac78282409047a920fae31ccdcddb9b8210af
qpid-dispatch,1097,608990009,https://github.com/apache/qpid-dispatch/pull/1097#discussion_r608990009,None,None
lucene-solr,2423,581247428,https://github.com/apache/lucene-solr/pull/2423#discussion_r581247428,6f1f55d811d34fc34a2eb046872e8a85bc70d2f6,3de2b03862c922bb1f58b28c583bc5add690a90d
kafka,3530,130078682,https://github.com/apache/kafka/pull/3530#discussion_r130078682,None,None
pulsar,43,80817924,https://github.com/apache/pulsar/pull/43#discussion_r80817924,None,None
arrow,66,64469901,https://github.com/apache/arrow/pull/66#discussion_r64469901,6594c84aab334c13f648404d507b937dc40ff21b,a2eb40aab7e893e95e1c57f59e5ff88c75f216e3
kafka,764,51615946,https://github.com/apache/kafka/pull/764#discussion_r51615946,None,None
kafka,6239,256163993,https://github.com/apache/kafka/pull/6239#discussion_r256163993,None,None
incubator-heron,3123,242657195,https://github.com/apache/incubator-heron/pull/3123#discussion_r242657195,51f7863a836764bc12a2efe4cf9026c9dfb78c51,f7ebd6f20d06255d857467671dfc727ce327960c
spark,1285,47998047,https://github.com/apache/spark/pull/1285#issuecomment-47998047,c51d02973f3b233776220a67c1a6ba571068a0a9,61c9e38904a9b7132e302a264e8bbaca874af97b
superset,10473,466556166,https://github.com/apache/superset/pull/10473#discussion_r466556166,e7df301f81c4cbe4a47b4d9a3a8509fd7214f574,929dcd3aad32373e5cb92660b5119a79b06b7d85
hadoop,575,264257746,https://github.com/apache/hadoop/pull/575#discussion_r264257746,None,None
cloudstack,4448,724618330,https://github.com/apache/cloudstack/pull/4448#issuecomment-724618330,None,None
guacamole-client,511,602658052,https://github.com/apache/guacamole-client/pull/511#discussion_r602658052,None,None
druid,2524,81665494,https://github.com/apache/druid/pull/2524#discussion_r81665494,None,None
arrow,9626,587325457,https://github.com/apache/arrow/pull/9626#discussion_r587325457,None,None
spark,18986,323618879,https://github.com/apache/spark/pull/18986#issuecomment-323618879,None,None
spark,3165,62288954,https://github.com/apache/spark/pull/3165#issuecomment-62288954,None,None
iceberg,1128,443691512,https://github.com/apache/iceberg/pull/1128#discussion_r443691512,eb8154ba66e902262d60f48d0612fa95b57f929f,24d0f3bb99c88811a101b33fd6244cc9a9d569c3
nifi-minifi-cpp,788,428031207,https://github.com/apache/nifi-minifi-cpp/pull/788#discussion_r428031207,c4571c29fae6ae6da6e846067bc42992d8385a24,9d90b0e4972a6bd4d54fbe8bfe45094b36ee6a8b
helix,478,325376537,https://github.com/apache/helix/pull/478#discussion_r325376537,b2e098304716fe2500e7f3b972428ddf55454c13,34b8265217f9f3baeb16911c4b207d85a6c59e41
parquet-mr,456,170675141,https://github.com/apache/parquet-mr/pull/456#discussion_r170675141,None,None
beam,12938,550847398,https://github.com/apache/beam/pull/12938#discussion_r550847398,aa22d1b98129825fc13069fdf0ff096c5a1935ea,20703a1e790681c570a6c8470007860822cb96a6
druid,5418,179293634,https://github.com/apache/druid/pull/5418#discussion_r179293634,c2c132affa086ecc178eb08b4a671739e40c08f7,8e36c225a6ae9a7b5e6b134c91c8194dde912325
airflow,12383,524536973,https://github.com/apache/airflow/pull/12383#discussion_r524536973,8d54d0114171c4f1b9ee0d28cfb7db4f40ed497b,4131808007f7a03da46e10cec62057b93afc33b7
spark,7842,43212805,https://github.com/apache/spark/pull/7842#discussion_r43212805,None,None
spark,18887,140699378,https://github.com/apache/spark/pull/18887#discussion_r140699378,b2b969cf49579b26b37b23757a55f1e7808330e5,cd2172a027cba92755c89dbaa5f010917749a98a
spark,8785,48715367,https://github.com/apache/spark/pull/8785#discussion_r48715367,None,None
spark,21200,185664585,https://github.com/apache/spark/pull/21200#discussion_r185664585,35849cd29e088f401861cc9d5d27c57a925d74c9,356977c7666cea32f96fdfd329635a71e288272d
kafka,2929,113856373,https://github.com/apache/kafka/pull/2929#discussion_r113856373,None,None
nifi,4753,561119292,https://github.com/apache/nifi/pull/4753#discussion_r561119292,5d2a8017c0c540313527b8aa113047b5ee2e7b11,777d6864638cc11da6142458be9ff109396dd08c
spark,22375,217495874,https://github.com/apache/spark/pull/22375#discussion_r217495874,None,None
kafka,1664,77421658,https://github.com/apache/kafka/pull/1664#discussion_r77421658,None,None
lucene-solr,2200,556698348,https://github.com/apache/lucene-solr/pull/2200#discussion_r556698348,78b98ed6116725b77649cb5c0a760c2693121627,2fc323eec15377bfb8171583cf8ee60b2eb0575f
spark,9867,46597229,https://github.com/apache/spark/pull/9867#discussion_r46597229,520e6d265e9e037e0c51a2db0f9257885ba7cf6a,b079f29f5370a3fe1ce643ff2ab1c999da1d72b9
spark,25651,534813380,https://github.com/apache/spark/pull/25651#issuecomment-534813380,None,None
carbondata,3136,468114436,https://github.com/apache/carbondata/pull/3136#issuecomment-468114436,None,None
kafka,5068,191512386,https://github.com/apache/kafka/pull/5068#discussion_r191512386,52264ee344116342a8aa98d0a40d20a8413a63e2,6af51f0f35829b05fed0f6d312ccf57cc498731e
spark,29403,496341174,https://github.com/apache/spark/pull/29403#discussion_r496341174,None,None
spark,22197,212812755,https://github.com/apache/spark/pull/22197#discussion_r212812755,10cd89ff46892724d513a68bd82cf1a022387436,1ea94cca149b7a4814ea617f673111ea0f26219d
incubator-mxnet,12768,428218284,https://github.com/apache/incubator-mxnet/pull/12768#issuecomment-428218284,None,None
kafka,6363,280294974,https://github.com/apache/kafka/pull/6363#discussion_r280294974,f48da26167e1e18f00f2561f8c982ef24199d955,0b9de70604d45a46d3534abe192f084d39fbf31c
spark,22878,241273157,https://github.com/apache/spark/pull/22878#discussion_r241273157,03dcf5f2e1a6d3dab6e7313472040d0d00400c38,d7bb5716bbfb2e199f8e51ab1e74d64ea0c2c6ca
kafka,6363,278752888,https://github.com/apache/kafka/pull/6363#discussion_r278752888,None,None
hadoop,885,289591884,https://github.com/apache/hadoop/pull/885#discussion_r289591884,None,None
spark,22646,223168936,https://github.com/apache/spark/pull/22646#discussion_r223168936,b477d070ae4cac75add60fd1fa7c474c0e6113ac,095c923277fb6c0a2817eb0c35b42c1728ecf807
spark,2761,58776141,https://github.com/apache/spark/pull/2761#issuecomment-58776141,None,None
druid,3788,268051850,https://github.com/apache/druid/pull/3788#issuecomment-268051850,None,None
hawq,392,54617226,https://github.com/apache/hawq/pull/392#discussion_r54617226,None,None
helix,1663,588774064,https://github.com/apache/helix/pull/1663#discussion_r588774064,87941f3b9d5a76960dfad4a46a9c79de42893e91,2a95cdcb2020e5ea3705f3db464454106017f7a9
samza,235,124903942,https://github.com/apache/samza/pull/235#discussion_r124903942,59230ec85d0d110ef3fdaa15477c3d056be7ec0d,a32b06be20a0e361852e65c0c2bb0cf2436a9f4d
calcite,1825,383130171,https://github.com/apache/calcite/pull/1825#discussion_r383130171,None,None
incubator-mxnet,13654,241911517,https://github.com/apache/incubator-mxnet/pull/13654#discussion_r241911517,None,None
spark,19763,152914613,https://github.com/apache/spark/pull/19763#discussion_r152914613,055d44c2aaa9363e04b79e9e4e217e7781353855,0f87dd6989ed092a3f06b1a308930265a6bc0a30
hbase,1627,418984035,https://github.com/apache/hbase/pull/1627#discussion_r418984035,None,None
incubator-mxnet,15161,292706143,https://github.com/apache/incubator-mxnet/pull/15161#discussion_r292706143,a4ccb113b0f20ff505dbac93ed6af9501d44edba,67ec6efc5ffabbcddca179211688c87eb80a7112
airflow,7516,383040768,https://github.com/apache/airflow/pull/7516#discussion_r383040768,None,None
incubator-mxnet,17808,605590914,https://github.com/apache/incubator-mxnet/pull/17808#issuecomment-605590914,None,None
incubator-pinot,5700,459633576,https://github.com/apache/incubator-pinot/pull/5700#discussion_r459633576,a30553eed105c2a81b27d73d32e86140a9a132f7,aa59610c8ca77842d813db4841be847d97ba9c3c
accumulo,1330,316892853,https://github.com/apache/accumulo/pull/1330#discussion_r316892853,None,None
iceberg,2294,596510752,https://github.com/apache/iceberg/pull/2294#discussion_r596510752,3475382a9d7d4563a20a30f726957a94d0af69cb,6f7ede47efcdec0793a4a7938004bc9aacedcfb1
carbondata,3584,389603171,https://github.com/apache/carbondata/pull/3584#discussion_r389603171,838958de2c2021b6bf9fe7e55dc5a54bc1092422,d9866ea504ea037baa84ee6ee2242b949413ed17
spark,29715,692354511,https://github.com/apache/spark/pull/29715#issuecomment-692354511,None,None
incubator-mxnet,8302,155828922,https://github.com/apache/incubator-mxnet/pull/8302#discussion_r155828922,None,None
cloudstack,1740,353858935,https://github.com/apache/cloudstack/pull/1740#issuecomment-353858935,None,None
spark,26594,353931395,https://github.com/apache/spark/pull/26594#discussion_r353931395,03f7fb1c117da3852c379c20a7eaabb0adeeb5ca,e252dd0ff4b8b327db531810168caa66a7a4584f
spark,31721,589378403,https://github.com/apache/spark/pull/31721#discussion_r589378403,None,None
airflow,11541,507190029,https://github.com/apache/airflow/pull/11541#discussion_r507190029,None,None
flink,439,76031299,https://github.com/apache/flink/pull/439#issuecomment-76031299,b12d7e50a79805b718fcc42ed78f412c14ebb918,81ff5550474ff5ee350c6c8e5606825e40ba017e
storm,2433,152902841,https://github.com/apache/storm/pull/2433#discussion_r152902841,None,None
madlib,425,519652224,https://github.com/apache/madlib/pull/425#issuecomment-519652224,None,None
samza,347,180646742,https://github.com/apache/samza/pull/347#discussion_r180646742,2509fa14a70c526d4e422df30db07e228f6b9646,9fed1b3c43f39894f4d11c7b3ff8da523b1c0b06
incubator-heron,81,51090091,https://github.com/apache/incubator-heron/pull/81#discussion_r51090091,afd0c4772ec59fa11b93fd51f26e2542fa93a899,e9ec8551f9845539b2dd2d98ec51c6a303bbaadf
spark,29728,487921098,https://github.com/apache/spark/pull/29728#discussion_r487921098,None,None
nifi-minifi-cpp,74,109758278,https://github.com/apache/nifi-minifi-cpp/pull/74#discussion_r109758278,d639efa280a330fdd6d4764175efe8745cd810ce,4636d1e3143e521f256a0c2629a61d8b456544d1
spark,25048,300427664,https://github.com/apache/spark/pull/25048#discussion_r300427664,299f629fed143932dc02e0e9ef76e33593a4a6b3,97b5de642ae9c649454e6343b0d6c9b931bb03f4
beam,3936,142818337,https://github.com/apache/beam/pull/3936#discussion_r142818337,None,None
flink,9890,335896695,https://github.com/apache/flink/pull/9890#discussion_r335896695,ffac224585e0d5001dae23ae1778ecbffc61a7b6,baa2faf79c63f5bbfc5b9648779cc0c006045b25
cloudstack,1519,215347296,https://github.com/apache/cloudstack/pull/1519#issuecomment-215347296,None,None
druid,2231,173443345,https://github.com/apache/druid/pull/2231#issuecomment-173443345,None,None
arrow,9356,580411319,https://github.com/apache/arrow/pull/9356#discussion_r580411319,a9ecde56e2960e940896487f306f279f760fa09a,f64b57ef1c6ec6aea14a122068ab455521052a0a
tvm,3531,305483155,https://github.com/apache/tvm/pull/3531#discussion_r305483155,48f5a52b5af880ca1d2e7e311e1775aadf2e0794,1422f6d876cd6cb28077d96595158ca11ac43195
samza,103,109215517,https://github.com/apache/samza/pull/103#discussion_r109215517,d6cab1fce54604a2b5ed2702809ce44dc682d7a1,f6238c18908d811aa98822468335fe45df755910
accumulo,484,188314105,https://github.com/apache/accumulo/pull/484#discussion_r188314105,None,None
accumulo,1995,607994959,https://github.com/apache/accumulo/pull/1995#discussion_r607994959,a83eedf5ec9f5054f252566ddd78f0a73664a6dd,d427873b061fd3a1c57135a5457a6c40818b6ae5
cloudstack,2699,194376281,https://github.com/apache/cloudstack/pull/2699#discussion_r194376281,e09069cee7124a7b82f733d28286b0790996b3cd,84b0cf08099b4a7b43cacb2ce89a160fa91deebd
spark,5400,27923456,https://github.com/apache/spark/pull/5400#discussion_r27923456,4e1a842e99a612629dc0a422647da65484138a79,8bd56068d151908ff0c81f77d6f606a29edcf449
gobblin,104,95396477,https://github.com/apache/gobblin/pull/104#issuecomment-95396477,89a65949ffee46c49e552b67eff1201236e0c50a,72c277b4cdc36928ec2e9d6d8a21b5cb545f25eb
flink,1813,229693884,https://github.com/apache/flink/pull/1813#issuecomment-229693884,None,None
gobblin,2656,292076607,https://github.com/apache/gobblin/pull/2656#discussion_r292076607,6dd697b1cdf75fc6d97b672c22e83f97d45ebeb5,8bc1d2b8c229dd97e39458239e7b84a47cfcad67
spark,9193,42587435,https://github.com/apache/spark/pull/9193#discussion_r42587435,05040924e5ea6be9038a36a5299c5da2d4e5ca4d,50a0d2744d0233676683527120405d3aa4e42b37
beam,1230,260433002,https://github.com/apache/beam/pull/1230#issuecomment-260433002,a94526af16465be54a9792a41a5ead9162e7c3c7,a8811ace2cce6f685bb4875562355a8e664fa5bd
beam,9730,331592994,https://github.com/apache/beam/pull/9730#discussion_r331592994,95785590993a1035e4619e0f2b7a4434e03f1abc,7fed22b5ad4c845770bac84944c4743b77495367
hbase,1077,368823636,https://github.com/apache/hbase/pull/1077#discussion_r368823636,None,None
kafka,2492,100844023,https://github.com/apache/kafka/pull/2492#discussion_r100844023,638d45cad9fe935b08b569a72a9bce6de91809f2,64e01dd700411d6d2571f5ec21635ce0dd00ee20
couchdb,3015,488882226,https://github.com/apache/couchdb/pull/3015#discussion_r488882226,None,None
arrow,5213,318643171,https://github.com/apache/arrow/pull/5213#discussion_r318643171,None,None
flink,6076,190841926,https://github.com/apache/flink/pull/6076#discussion_r190841926,None,None
apisix,2329,495666587,https://github.com/apache/apisix/pull/2329#discussion_r495666587,cc865432c4cd1debcea4d0c92d3ba6f5748d3a20,f5770e1c122c956328f5baf3df25bef56a00bba9
nifi,71,130314880,https://github.com/apache/nifi/pull/71#issuecomment-130314880,None,None
zookeeper,684,238789004,https://github.com/apache/zookeeper/pull/684#discussion_r238789004,e413de1a6fd8e72cb7c65d70f1732e8213c69728,5e36b396af525be95e00e2af23a4b6adb59fc0fb
trafficserver,6001,539771774,https://github.com/apache/trafficserver/pull/6001#issuecomment-539771774,428b717c7d2719046e5edf08149a46652015e4b6,c6ae593aefaed126b4b4e462488e320433a87916
arrow,7507,562065051,https://github.com/apache/arrow/pull/7507#discussion_r562065051,b29815bc6db52b2c7aae3bda21b58fcbd4e1e412,bb85b32a5ee45d9ee17443c70de1107be1f28ede
openwhisk,4031,255882825,https://github.com/apache/openwhisk/pull/4031#discussion_r255882825,0292b264212d04c938517e884afb9804deb93e4b,d67486e32a3dff4c27d17d00775b2b72c432319f
spark,11006,178279347,https://github.com/apache/spark/pull/11006#issuecomment-178279347,5220ea8ba171064b328c85ccf20650452af0185d,735e113dfd0a2eda60f01d8974c6f00df34c415f
zookeeper,1417,665952705,https://github.com/apache/zookeeper/pull/1417#issuecomment-665952705,659011a09af407d403310c9a7c6d3e7af671aeae,40bea8dfcb7bceb83d9a7364a8272c114b79108b
spark,22960,231413853,https://github.com/apache/spark/pull/22960#discussion_r231413853,1d3a31b478622a8e76dfeef0f71973aa71730859,24933a9e457fe6b0110de0aa27bc9eaa9dc00fb9
thrift,1039,238129818,https://github.com/apache/thrift/pull/1039#issuecomment-238129818,None,None
flink,12176,426165664,https://github.com/apache/flink/pull/12176#discussion_r426165664,None,None
trafficserver,3322,176559777,https://github.com/apache/trafficserver/pull/3322#discussion_r176559777,None,None
incubator-mxnet,10900,188720460,https://github.com/apache/incubator-mxnet/pull/10900#discussion_r188720460,22f36b4cae19626f55fefc3af81ef870a7d0a647,c408d5089f94b3f32ff7af8362a59de7fb6dd0e4
nifi,1036,81411506,https://github.com/apache/nifi/pull/1036#discussion_r81411506,6c4a16097cf2d969e6ef54ae2a1e1a6e471a8714,3932f99aac84ca79478617fe281c1263ced4bab2
nifi,1918,122836798,https://github.com/apache/nifi/pull/1918#discussion_r122836798,1581cd1662bf6239465fe6fefa472903788a255e,561dc9c7e47ef9dc9f31bece9c2ec92ed648ac6a
incubator-pinot,4387,300516190,https://github.com/apache/incubator-pinot/pull/4387#discussion_r300516190,None,None
beam,4080,150063020,https://github.com/apache/beam/pull/4080#discussion_r150063020,None,None
phoenix,933,510479056,https://github.com/apache/phoenix/pull/933#discussion_r510479056,None,None
systemds,204,73768209,https://github.com/apache/systemds/pull/204#discussion_r73768209,c4ab1e6ebde04687e4b47cae64f45e7b4dc6511f,5f8c532742816e717d8951a8a8b298b8fb41dc31
activemq-artemis,2427,232558150,https://github.com/apache/activemq-artemis/pull/2427#discussion_r232558150,None,None
beam,92,58796896,https://github.com/apache/beam/pull/92#discussion_r58796896,None,None
spark,224,38748839,https://github.com/apache/spark/pull/224#issuecomment-38748839,319edb73644b4b0f310d593fb4a46bc611e2cfa7,aeeb1d78dd2dfcac5f9fd0c750f7273387152efc
activemq-artemis,2241,412575863,https://github.com/apache/activemq-artemis/pull/2241#issuecomment-412575863,None,None
incubator-brooklyn,910,41485190,https://github.com/apache/incubator-brooklyn/pull/910#discussion_r41485190,None,None
spark,9432,154740151,https://github.com/apache/spark/pull/9432#issuecomment-154740151,69c45f0be7a0fa47d97218124e1c90f88d517899,6fb0f591d2775dcb5897a2e8b21b55267320395d
kafka,2143,94173222,https://github.com/apache/kafka/pull/2143#discussion_r94173222,None,None
ignite,6420,273863106,https://github.com/apache/ignite/pull/6420#discussion_r273863106,e440065e1c0442988993813b6bd62918045d89c4,5ff56a8664867dab4b0ec9e8a8c5774a2e107184
kafka,9318,495932581,https://github.com/apache/kafka/pull/9318#discussion_r495932581,3cc85028e0e8e3a0536233eb7c301ccde2d4fa12,48ecb8b38409f5f553d91ca5cb76da98edc1b6c2
spark,15172,83513326,https://github.com/apache/spark/pull/15172#discussion_r83513326,None,None
flink,11794,619004787,https://github.com/apache/flink/pull/11794#issuecomment-619004787,None,None
kafka,683,167010840,https://github.com/apache/kafka/pull/683#issuecomment-167010840,acfa94e35d77b5317a061af1087af41c9150982e,20228c44d44102e3ba573a1186c78a8064c7f9e5
airflow,13929,570530609,https://github.com/apache/airflow/pull/13929#discussion_r570530609,None,None
spark,9773,157865029,https://github.com/apache/spark/pull/9773#issuecomment-157865029,13423740b46cc29e941a96f9402fdb7a342101cb,158d1a78d94e2b26bdb228ffce71cfe410fadf88
fineract,726,596234596,https://github.com/apache/fineract/pull/726#issuecomment-596234596,None,None
geode-native,288,185342808,https://github.com/apache/geode-native/pull/288#discussion_r185342808,None,None
spark,10152,46763785,https://github.com/apache/spark/pull/10152#discussion_r46763785,None,None
spark,22071,209714362,https://github.com/apache/spark/pull/22071#discussion_r209714362,b4ca224095cb7fda6822c431465bfb7f48a4bb2d,897b587a19d8fc5bc67d2daf015d476f93bab40c
flink,6170,195824665,https://github.com/apache/flink/pull/6170#discussion_r195824665,5c2d76920edc1a0f28fc459b7fc747e7fe0e2479,efe12523c7d4eede57229405b2a22a61a735b932
ambari,1646,199117523,https://github.com/apache/ambari/pull/1646#discussion_r199117523,None,None
spark,29104,459576703,https://github.com/apache/spark/pull/29104#discussion_r459576703,4d26695d2a6569d9531a63bfc923d31d11e911fb,1bca27303145c24acca37695735e4ff414285777
airflow,5847,523869438,https://github.com/apache/airflow/pull/5847#issuecomment-523869438,None,None
trafficserver,6609,419565115,https://github.com/apache/trafficserver/pull/6609#discussion_r419565115,None,None
beam,7237,447180932,https://github.com/apache/beam/pull/7237#issuecomment-447180932,None,None
druid,1265,27927153,https://github.com/apache/druid/pull/1265#discussion_r27927153,None,None
kafka,9998,569278561,https://github.com/apache/kafka/pull/9998#discussion_r569278561,None,None
kafka,3765,144588126,https://github.com/apache/kafka/pull/3765#discussion_r144588126,None,None
lucene-solr,1303,387662567,https://github.com/apache/lucene-solr/pull/1303#discussion_r387662567,9e13ddf6b211a4c58955252e05262571c667e09e,c5601e0133c1262c97ce3e80552ad2e3882a8d06
arrow,4542,293670228,https://github.com/apache/arrow/pull/4542#discussion_r293670228,6f9e8ec9b518ef9dce64134e31b972f763a218ec,f38b60cd636ff360dc7863031b118e30f0a8a8b3
drill,159,39804781,https://github.com/apache/drill/pull/159#discussion_r39804781,None,None
kafka,5379,204563539,https://github.com/apache/kafka/pull/5379#discussion_r204563539,None,None
spark,9399,43590281,https://github.com/apache/spark/pull/9399#discussion_r43590281,None,None
nutch,484,555061506,https://github.com/apache/nutch/pull/484#issuecomment-555061506,None,None
drill,520,106658488,https://github.com/apache/drill/pull/520#discussion_r106658488,None,None
spark,5434,92291279,https://github.com/apache/spark/pull/5434#issuecomment-92291279,a69c0913e64d72210be0d1deb89e66136d28f182,252533640bd94477e486967c41db077b34a19c4f
beam,1706,95843283,https://github.com/apache/beam/pull/1706#discussion_r95843283,None,None
beam,4185,153627791,https://github.com/apache/beam/pull/4185#discussion_r153627791,e2859f57fbfb1cf055c7147bd34c4bbf25564d61,01df725d120c3ecd9d8a1a153f64c99d6ec62793
camel-quarkus,570,360695073,https://github.com/apache/camel-quarkus/pull/570#discussion_r360695073,None,None
arrow,4258,490781968,https://github.com/apache/arrow/pull/4258#issuecomment-490781968,None,None
tinkerpop,141,44267313,https://github.com/apache/tinkerpop/pull/141#discussion_r44267313,5c4e9660d7fdf3c6d3aa71dd3742a4f0d549cf01,c6626dac29c4d26503c13da2b7d12b662fd13908
nifi,4369,452304677,https://github.com/apache/nifi/pull/4369#discussion_r452304677,ea91fa0047d4f6ada5f877c07765e20870a0ff15,0c93aae28a7ba3e0863d80605a93c38205a99dd3
tinkerpop,1309,677678867,https://github.com/apache/tinkerpop/pull/1309#issuecomment-677678867,None,None
gobblin,2788,351428413,https://github.com/apache/gobblin/pull/2788#discussion_r351428413,af58c460ffd518fe52613a577fc618b237373348,d077daee684b2af39e427332f267bf4a6344194d
incubator-pinot,4047,288787662,https://github.com/apache/incubator-pinot/pull/4047#discussion_r288787662,3d0fffab119b98c45c454eb486eb3d47c1cdec6d,7df202502ea5d13a9b2a9c66330e05473df8351e
airflow,12096,517611582,https://github.com/apache/airflow/pull/12096#discussion_r517611582,None,None
iceberg,1669,718305151,https://github.com/apache/iceberg/pull/1669#issuecomment-718305151,None,None
spark,4214,25109930,https://github.com/apache/spark/pull/4214#discussion_r25109930,None,None
flink,13595,719467007,https://github.com/apache/flink/pull/13595#issuecomment-719467007,None,None
spark,28370,628792196,https://github.com/apache/spark/pull/28370#issuecomment-628792196,b36592191b32e347ae2bc3ffd9a3887fc2a3891d,75d6daacb542575b63da4e19e375ca621ef5f36c
incubator-doris,5219,559096882,https://github.com/apache/incubator-doris/pull/5219#discussion_r559096882,eabb898c9b03b4a7b0db40e3d235a26f9657ba91,40515d03b5589f36ed2d67f251aa0022c8c77471
kafka,5221,399157359,https://github.com/apache/kafka/pull/5221#issuecomment-399157359,None,None
trafficcontrol,4959,470844261,https://github.com/apache/trafficcontrol/pull/4959#discussion_r470844261,6a3aa3f7300ecbcde9f35b5a67e1ad0363ac165f,5dd3e8f4589cdf7576acec8a7ed3673f0e72dfe4
spark,17459,118818160,https://github.com/apache/spark/pull/17459#discussion_r118818160,289dbdb8ef4b4c216870e306a729ae5c3d6e4936,f9c5506e3165bb851415d5625f085438413c23fe
hbase,809,344314816,https://github.com/apache/hbase/pull/809#discussion_r344314816,None,None
kafka,6234,462503916,https://github.com/apache/kafka/pull/6234#issuecomment-462503916,5f582e631dbe59f55fff87bfb9cc55d292f61971,6685ce38cbed07169fed9096757c8b8b8b298d9f
spark,21356,189349209,https://github.com/apache/spark/pull/21356#discussion_r189349209,09d55afa4167460e732b2f4acb3cdde6029cf952,fc8a1977b337afd29ebdbedcd6d199abe787b421
flink,9082,340395215,https://github.com/apache/flink/pull/9082#discussion_r340395215,b5bc64dc43ee4e92320ae851b7ee61fc680e82b0,4b823f5fcd58a0ecf050bc99d76de612cde5b1e9
druid,7647,283550456,https://github.com/apache/druid/pull/7647#discussion_r283550456,e3fe8c0c9b8ade935e323ea60a5b7fb63944da9f,f3e71fc380edd5b9754fa39b795a2ac808d88b32
kafka,7984,372683286,https://github.com/apache/kafka/pull/7984#discussion_r372683286,42ded2caf421de95ad307b7212bb8d93092e6c44,e219cbc0308a0a76ddd4f72755908030fe8d3ee4
druid,2806,59071300,https://github.com/apache/druid/pull/2806#discussion_r59071300,None,None
spark,19495,144992379,https://github.com/apache/spark/pull/19495#discussion_r144992379,None,None
airflow,1435,215288030,https://github.com/apache/airflow/pull/1435#issuecomment-215288030,None,None
beam,12241,454528596,https://github.com/apache/beam/pull/12241#discussion_r454528596,None,None
geode-native,615,443683084,https://github.com/apache/geode-native/pull/615#discussion_r443683084,c9898d9fc337b60886bccb022fdc78de2f88b8df,0fc103128e8133343a427ec141ab3595cc5ba2da
druid,2683,198480289,https://github.com/apache/druid/pull/2683#issuecomment-198480289,None,None
spark,23260,446345304,https://github.com/apache/spark/pull/23260#issuecomment-446345304,None,None
